{
  "project_info": {
    "project_number": "425462881365",
    "project_id": "happyweight-8feff",
    "storage_bucket": "happyweight-8feff.appspot.com"
  },
  "client": [
    {
      "client_info": {
        "mobilesdk_app_id": "1:425462881365:android:d144cb324b3a531a2488dc",
        "android_client_info": {
          "package_name": "com.example.happyweight"
        }
      },
      "oauth_client": [
        {
          "client_id": "425462881365-2ep3nrrgthil5mhdablrm445pal2c5eu.apps.googleusercontent.com",
          "client_type": 3
        }
      ],
      "api_key": [
        {
          "current_key": "AIzaSyCoXS0kg6OxsJY-vVX29hbLszdmZa_fszE"
        }
      ],
      "services": {
        "appinvite_service": {
          "other_platform_oauth_client": [
            {
              "client_id": "425462881365-2ep3nrrgthil5mhdablrm445pal2c5eu.apps.googleusercontent.com",
              "client_type": 3
            }
          ]
        }
      }
    }
  ],
  "configuration_version": "1"
}